Model,Accuracy,F1 (macro),F1 (weighted),F1 (Idle),F1 (Low),F1 (Medium),F1 (High)
Majority Class,0.5694410509391302,0.18141524034890802,0.4132211404826283,0.7256609613956321,0.0,0.0,0.0
LightGBM (default),0.8063751284731451,0.6670677021863991,0.7985993937498244,0.9155468407012042,0.7205129652074088,0.5774824929078067,0.4547285099291765
XGBoost (default),0.7609908850116187,0.6317985308640677,0.7753891129284827,0.9021748713135966,0.6908771183384357,0.5375062330062377,0.3966359007980004
LightGBM (tuned),0.8082094091407327,0.6696651826187471,0.8003930054288221,0.9163454058955,0.7235502475752462,0.5806045984134481,0.45816047859079395
XGBoost (tuned),0.7697796995943288,0.640473749481244,0.7816554592006152,0.9062721605664055,0.6999303803845145,0.5450924415862279,0.41060001538782825
