Model,MAE,RMSE,MAPE (%),R²
Persistence (lag 24h),3.7932847901464153,8.74074321653287,2168.945570818272,-0.038155268626806516
Station Hourly Mean,3.2470804078257913,6.578715111457768,2005.585171540163,0.4119046460519613
Ridge Regression,2.5599328079582278,5.246683711891318,1673.2816336707551,0.6259450923276453
LightGBM (default),1.830036011862348,4.490217741648452,889.304789096286,0.7260316515318632
XGBoost (default),1.8049065102463815,4.49035599580755,873.0055462304913,0.7260147802579346
